{
  "n_symbols": 2,
  "symbols": [
    "BTCUSDT",
    "ETHUSDT"
  ],
  "by_symbol": {
    "BTCUSDT": {
      "n_events": 61,
      "pre_event_drift_bps": -5.687083994200478,
      "event_bar_move_bps": 1.3811047928788995,
      "post_event_return_bps": 3.1402363001943296,
      "intensity_mean": 4.4551076239929746,
      "intensity_p90": 5.853260446172668,
      "avg_duration_bars": 1.0
    },
    "ETHUSDT": {
      "n_events": 65,
      "pre_event_drift_bps": 1.353373151192669,
      "event_bar_move_bps": 1.4074256176451663,
      "post_event_return_bps": 1.896190877694112,
      "intensity_mean": 4.667321965984889,
      "intensity_p90": 6.290159428364808,
      "avg_duration_bars": 1.0
    }
  },
  "n_events": 126
}