{
  "n_symbols": 2,
  "symbols": [
    "BTCUSDT",
    "ETHUSDT"
  ],
  "by_symbol": {
    "BTCUSDT": {
      "n_events": 1074,
      "pre_event_drift_bps": 0.11100230083271444,
      "event_bar_move_bps": -0.14061931003185607,
      "post_event_return_bps": 0.24440823935853442,
      "intensity_mean": 17.15870624128299,
      "intensity_p90": 9.267173118644545,
      "avg_duration_bars": 1.0
    },
    "ETHUSDT": {
      "n_events": 1081,
      "pre_event_drift_bps": 0.31161186830738485,
      "event_bar_move_bps": -0.0994543413308177,
      "post_event_return_bps": -0.4780373764296705,
      "intensity_mean": 11.965227680929418,
      "intensity_p90": 10.300111391555294,
      "avg_duration_bars": 1.0
    }
  },
  "n_events": 2155
}