{
  "n_symbols": 2,
  "symbols": [
    "BTCUSDT",
    "ETHUSDT"
  ],
  "by_symbol": {
    "BTCUSDT": {
      "n_events": 5,
      "pre_event_drift_bps": 25.415459449580787,
      "event_bar_move_bps": 1.8767563940367282,
      "post_event_return_bps": 19.521202612505117,
      "intensity_mean": 0.11999950666770184,
      "intensity_p90": 0.20427506236306234,
      "avg_duration_bars": 1.0
    },
    "ETHUSDT": {
      "n_events": 1,
      "pre_event_drift_bps": 15.267716660225528,
      "event_bar_move_bps": 41.0530025943423,
      "post_event_return_bps": 107.38066655465062,
      "intensity_mean": 0.16312126760619788,
      "intensity_p90": 0.16312126760619788,
      "avg_duration_bars": 1.0
    }
  },
  "n_events": 6
}