{
  "n_symbols": 2,
  "symbols": [
    "BTCUSDT",
    "ETHUSDT"
  ],
  "by_symbol": {
    "BTCUSDT": {
      "n_events": 63,
      "pre_event_drift_bps": 3.871349352262656,
      "event_bar_move_bps": 3.0554256589153725,
      "post_event_return_bps": 6.047168191366597,
      "intensity_mean": 0.042950538308610085,
      "intensity_p90": 0.11818606029778764,
      "avg_duration_bars": 1.0
    },
    "ETHUSDT": {
      "n_events": 50,
      "pre_event_drift_bps": 15.004810181622188,
      "event_bar_move_bps": 6.354847605185898,
      "post_event_return_bps": 16.494482769664565,
      "intensity_mean": 0.04876557523291541,
      "intensity_p90": 0.12119733478824245,
      "avg_duration_bars": 1.0
    }
  },
  "n_events": 113
}