{
  "n_symbols": 2,
  "symbols": [
    "BTCUSDT",
    "ETHUSDT"
  ],
  "by_symbol": {
    "BTCUSDT": {
      "n_events": 205,
      "pre_event_drift_bps": 2.371781606380511,
      "event_bar_move_bps": -0.7011600180568873,
      "post_event_return_bps": -2.887920608757164,
      "intensity_mean": 0.036942478698421564,
      "intensity_p90": 0.06040917339484344,
      "avg_duration_bars": 1.0
    },
    "ETHUSDT": {
      "n_events": 198,
      "pre_event_drift_bps": -2.0692242626079036,
      "event_bar_move_bps": -0.7340661610117657,
      "post_event_return_bps": -3.233671396879215,
      "intensity_mean": 0.04213150117315826,
      "intensity_p90": 0.07238485867262107,
      "avg_duration_bars": 1.0
    }
  },
  "n_events": 403
}