{
  "n_symbols": 2,
  "symbols": [
    "BTCUSDT",
    "ETHUSDT"
  ],
  "by_symbol": {
    "BTCUSDT": {
      "n_events": 37,
      "pre_event_drift_bps": -7.926725443212911,
      "event_bar_move_bps": -1.700914035908828,
      "post_event_return_bps": -4.8943666313977365,
      "intensity_mean": 3.1262853841827947,
      "intensity_p90": 3.735733178658479,
      "avg_duration_bars": 1.0
    },
    "ETHUSDT": {
      "n_events": 33,
      "pre_event_drift_bps": -15.105215592831536,
      "event_bar_move_bps": -3.9576697441893884,
      "post_event_return_bps": -8.874180555445607,
      "intensity_mean": 3.0087302566415914,
      "intensity_p90": 3.5764972999489837,
      "avg_duration_bars": 1.0
    }
  },
  "n_events": 70
}