{
  "n_symbols": 2,
  "symbols": [
    "BTCUSDT",
    "ETHUSDT"
  ],
  "by_symbol": {
    "BTCUSDT": {
      "n_events": 110,
      "pre_event_drift_bps": 4.260535572253022,
      "event_bar_move_bps": 1.206318534442267,
      "post_event_return_bps": 4.6268956263596,
      "intensity_mean": 0.05053087385954071,
      "intensity_p90": 0.0807277114124127,
      "avg_duration_bars": 1.0
    },
    "ETHUSDT": {
      "n_events": 122,
      "pre_event_drift_bps": 6.027864649166534,
      "event_bar_move_bps": 1.5150921632384,
      "post_event_return_bps": 1.1582354234340548,
      "intensity_mean": 0.05319365569073555,
      "intensity_p90": 0.09278848649752923,
      "avg_duration_bars": 1.0
    }
  },
  "n_events": 232
}