{
  "n_symbols": 2,
  "symbols": [
    "BTCUSDT",
    "ETHUSDT"
  ],
  "by_symbol": {
    "BTCUSDT": {
      "n_events": 11,
      "pre_event_drift_bps": -0.32931308889089644,
      "event_bar_move_bps": -0.9269223635911438,
      "post_event_return_bps": -7.527410282754338,
      "intensity_mean": 4.517157934825985,
      "intensity_p90": 8.472331218846453,
      "avg_duration_bars": 1.0
    },
    "ETHUSDT": {
      "n_events": 14,
      "pre_event_drift_bps": -25.34654198307166,
      "event_bar_move_bps": -8.671154187541084,
      "post_event_return_bps": -18.26613671391713,
      "intensity_mean": 4.550868014254702,
      "intensity_p90": 9.974349714667472,
      "avg_duration_bars": 1.0
    }
  },
  "n_events": 25
}