{
  "n_symbols": 2,
  "symbols": [
    "BTCUSDT",
    "ETHUSDT"
  ],
  "by_symbol": {
    "BTCUSDT": {
      "n_events": 221,
      "pre_event_drift_bps": -77.18125366726443,
      "event_bar_move_bps": -23.928963518713996,
      "post_event_return_bps": -68.2487708599588,
      "intensity_mean": 4.065289847922162,
      "intensity_p90": 5.909301197414234,
      "avg_duration_bars": 1.0
    },
    "ETHUSDT": {
      "n_events": 233,
      "pre_event_drift_bps": -65.6866011286803,
      "event_bar_move_bps": -20.67439059248029,
      "post_event_return_bps": -60.83164929309095,
      "intensity_mean": 4.007183106727327,
      "intensity_p90": 5.740708928090732,
      "avg_duration_bars": 1.0
    }
  },
  "n_events": 454
}