{
  "n_symbols": 2,
  "symbols": [
    "BTCUSDT",
    "ETHUSDT"
  ],
  "by_symbol": {
    "BTCUSDT": {
      "n_events": 11,
      "pre_event_drift_bps": -65.43952473538712,
      "event_bar_move_bps": -7.261755840639191,
      "post_event_return_bps": -15.793247802466128,
      "intensity_mean": 24643.638621536767,
      "intensity_p90": 29137.725453879688,
      "avg_duration_bars": 1.0
    },
    "ETHUSDT": {
      "n_events": 14,
      "pre_event_drift_bps": -38.85291534044877,
      "event_bar_move_bps": -0.2895348537559523,
      "post_event_return_bps": 9.74516624743944,
      "intensity_mean": 16066.143878162695,
      "intensity_p90": 22254.053237602686,
      "avg_duration_bars": 1.0
    }
  },
  "n_events": 25
}