{
  "market": "perp",
  "quality": {
    "dimension_count": 6,
    "dimensions": {
      "funding": {
        "confidence": {
          "count": 16705,
          "max": 1.0,
          "mean": 0.8074297014399543,
          "median": 0.8201539421856124,
          "min": 0.38183653448214044,
          "p10": 0.6142672839018858,
          "p90": 0.9620347656478189
        },
        "entropy": {
          "count": 16705,
          "max": 0.9857738316991645,
          "mean": 0.4352408284423442,
          "median": 0.45562251367111256,
          "min": -0.0,
          "p10": 0.16606357122956347,
          "p90": 0.6517318574836692
        },
        "occupancy": {
          "0": 0.3782101167315175,
          "1": 0.5548039509129004,
          "2": 0.06698593235558216
        },
        "state_column": "ms_funding_state",
        "transition_count": 187,
        "transition_rate": 0.01119492337164751,
        "valid_rows": 16705
      },
      "liq": {
        "confidence": {
          "count": 16705,
          "max": 0.9993936262021734,
          "mean": 0.8920543353788428,
          "median": 0.9605207433756685,
          "min": 0.49998715894699663,
          "p10": 0.6534872688899728,
          "p90": 0.9981539639015574
        },
        "entropy": {
          "count": 16705,
          "max": 0.6311840133029222,
          "mean": 0.23388077876493427,
          "median": 0.15637428157113176,
          "min": 0.004640596011593912,
          "p10": 0.012256011181842854,
          "p90": 0.5874408594317603
        },
        "occupancy": {
          "0": 0.30356180784196346,
          "1": 0.3929362466327447,
          "2": 0.3035019455252918
        },
        "state_column": "ms_liq_state",
        "transition_count": 10212,
        "transition_rate": 0.6113505747126436,
        "valid_rows": 16705
      },
      "oi": {
        "confidence": {
          "count": 16705,
          "max": 0.9995382371492458,
          "mean": 0.76271837676887,
          "median": 0.7949919157013497,
          "min": 0.4985157249462736,
          "p10": 0.5668761577623025,
          "p90": 0.8783698703143124
        },
        "entropy": {
          "count": 16705,
          "max": 0.6485833293031024,
          "mean": 0.49748462303164565,
          "median": 0.5124032593999062,
          "min": 0.003648443175872925,
          "p10": 0.33767520261393935,
          "p90": 0.6411855914494257
        },
        "occupancy": {
          "0": 0.16557916791379826,
          "1": 0.6718347800059862,
          "2": 0.1625860520802155
        },
        "state_column": "ms_oi_state",
        "transition_count": 2518,
        "transition_rate": 0.15074233716475097,
        "valid_rows": 16705
      },
      "spread": {
        "confidence": {
          "count": 16703,
          "max": 1.0,
          "mean": 0.8637589460823065,
          "median": 0.9175455812256692,
          "min": 0.500041777047227,
          "p10": 0.6325958352867953,
          "p90": 0.9949973873173285
        },
        "entropy": {
          "count": 16703,
          "max": 0.9999999949640662,
          "mean": 0.4574579812385716,
          "median": 0.4107689873451389,
          "min": -0.0,
          "p10": 0.045434641983707814,
          "p90": 0.9486580684173103
        },
        "occupancy": {
          "0": 0.6710171825420583,
          "1": 0.32898281745794167
        },
        "state_column": "ms_spread_state",
        "transition_count": 6200,
        "transition_rate": 0.3712130283798348,
        "valid_rows": 16703
      },
      "trend": {
        "confidence": {
          "count": 16704,
          "max": 1.0,
          "mean": 0.6400647810829628,
          "median": 0.6085926649923342,
          "min": 0.4498401715502204,
          "p10": 0.4809588882441373,
          "p90": 0.9027537531007752
        },
        "entropy": {
          "count": 16704,
          "max": 0.8725743600711114,
          "mean": 0.7213481700930242,
          "median": 0.8219976073158735,
          "min": -0.0,
          "p10": 0.33240741081048714,
          "p90": 0.87092145238834
        },
        "occupancy": {
          "0": 0.5695043103448276,
          "1": 0.18187260536398467,
          "2": 0.24862308429118773
        },
        "state_column": "ms_trend_state",
        "transition_count": 652,
        "transition_rate": 0.039034903909477336,
        "valid_rows": 16704
      },
      "vol": {
        "confidence": {
          "count": 16688,
          "max": 0.9999990729235336,
          "mean": 0.8648967025491437,
          "median": 0.9163378964819824,
          "min": 0.49878472313730077,
          "p10": 0.6243975655882493,
          "p90": 0.9998605016400246
        },
        "entropy": {
          "count": 16688,
          "max": 0.5124066473572758,
          "mean": 0.22194973898337064,
          "median": 0.21720103952675196,
          "min": 9.958424883691957e-06,
          "p10": 0.000993929904472028,
          "p90": 0.48012640988253763
        },
        "occupancy": {
          "0": 0.31220038350910834,
          "1": 0.3013542665388303,
          "2": 0.23825503355704697,
          "3": 0.14819031639501437
        },
        "state_column": "ms_vol_state",
        "transition_count": 1091,
        "transition_rate": 0.06538023611194343,
        "valid_rows": 16688
      }
    }
  },
  "run_id": "golden_synthetic_discovery",
  "schema_version": "context_quality_report_v1",
  "symbol": "BTCUSDT",
  "timeframe": "5m"
}
