{
  "n_symbols": 2,
  "symbols": [
    "BTCUSDT",
    "ETHUSDT"
  ],
  "by_symbol": {
    "BTCUSDT": {
      "n_events": 5,
      "pre_event_drift_bps": -11.842310445945303,
      "event_bar_move_bps": -6.6099778699944,
      "post_event_return_bps": -14.12924617642064,
      "intensity_mean": 0.826707125742295,
      "intensity_p90": 1.62518010555084,
      "avg_duration_bars": 1.0
    },
    "ETHUSDT": {
      "n_events": 5,
      "pre_event_drift_bps": -7.341197355790641,
      "event_bar_move_bps": -1.661389648069056,
      "post_event_return_bps": 8.102705399170684,
      "intensity_mean": 1.6257058477585677,
      "intensity_p90": 2.1530063031508475,
      "avg_duration_bars": 1.0
    }
  },
  "n_events": 10
}