{
  "n_symbols": 2,
  "symbols": [
    "BTCUSDT",
    "ETHUSDT"
  ],
  "by_symbol": {
    "BTCUSDT": {
      "n_events": 4,
      "pre_event_drift_bps": 36.53817508088797,
      "event_bar_move_bps": -6.211538502402802,
      "post_event_return_bps": -28.532651507052755,
      "intensity_mean": 2.01941028473878,
      "intensity_p90": 2.9635630859680413,
      "avg_duration_bars": 1.0
    },
    "ETHUSDT": {
      "n_events": 4,
      "pre_event_drift_bps": 40.90820078725465,
      "event_bar_move_bps": 14.927282218168415,
      "post_event_return_bps": 29.844786646100182,
      "intensity_mean": 18.473538367099046,
      "intensity_p90": 45.31841094657984,
      "avg_duration_bars": 1.0
    }
  },
  "n_events": 8
}