{
  "n_symbols": 2,
  "symbols": [
    "BTCUSDT",
    "ETHUSDT"
  ],
  "by_symbol": {
    "BTCUSDT": {
      "n_events": 1,
      "pre_event_drift_bps": -66.99621598579509,
      "event_bar_move_bps": -19.211771869679374,
      "post_event_return_bps": -72.33880514065928,
      "intensity_mean": 2.0846042266580196,
      "intensity_p90": 2.0846042266580196,
      "avg_duration_bars": 1.0
    },
    "ETHUSDT": {
      "n_events": 3,
      "pre_event_drift_bps": -30.289283963814324,
      "event_bar_move_bps": 2.665662461251254,
      "post_event_return_bps": -2.105703775886108,
      "intensity_mean": 82.57276242496084,
      "intensity_p90": 190.08006451143962,
      "avg_duration_bars": 1.0
    }
  },
  "n_events": 4
}