{
  "n_symbols": 2,
  "symbols": [
    "BTCUSDT",
    "ETHUSDT"
  ],
  "by_symbol": {
    "BTCUSDT": {
      "n_events": 11,
      "pre_event_drift_bps": -21.216890572350373,
      "event_bar_move_bps": -5.6984191460257065,
      "post_event_return_bps": -20.50986386450546,
      "intensity_mean": 5.975022930272255,
      "intensity_p90": 9.302186879504543,
      "avg_duration_bars": 1.0
    },
    "ETHUSDT": {
      "n_events": 8,
      "pre_event_drift_bps": -66.03900510659719,
      "event_bar_move_bps": -21.008530405255687,
      "post_event_return_bps": -56.34731260717743,
      "intensity_mean": 3.659405159310091,
      "intensity_p90": 4.539423911369364,
      "avg_duration_bars": 1.0
    }
  },
  "n_events": 19
}