{
  "n_symbols": 2,
  "symbols": [
    "BTCUSDT",
    "ETHUSDT"
  ],
  "by_symbol": {
    "BTCUSDT": {
      "n_events": 16,
      "pre_event_drift_bps": -19.013596782455828,
      "event_bar_move_bps": -3.823160205609216,
      "post_event_return_bps": -14.878723882020763,
      "intensity_mean": 1.6574653688851368,
      "intensity_p90": 3.818231164468431,
      "avg_duration_bars": 1.0
    },
    "ETHUSDT": {
      "n_events": 13,
      "pre_event_drift_bps": -24.3840294920888,
      "event_bar_move_bps": -10.438809088465508,
      "post_event_return_bps": -24.276710866251076,
      "intensity_mean": 2.8419648938858577,
      "intensity_p90": 4.22320219768661,
      "avg_duration_bars": 1.0
    }
  },
  "n_events": 29
}