{
  "n_symbols": 2,
  "symbols": [
    "BTCUSDT",
    "ETHUSDT"
  ],
  "by_symbol": {
    "BTCUSDT": {
      "n_events": 584,
      "pre_event_drift_bps": -0.7234038909328476,
      "event_bar_move_bps": -0.6493723491250866,
      "post_event_return_bps": -1.7148896111741083,
      "intensity_mean": 77.30082665576184,
      "intensity_p90": 280.67154429148405,
      "avg_duration_bars": 1.0
    },
    "ETHUSDT": {
      "n_events": 577,
      "pre_event_drift_bps": 3.853597315420816,
      "event_bar_move_bps": 1.4283667950809216,
      "post_event_return_bps": 3.808193363089703,
      "intensity_mean": 75.44119394170363,
      "intensity_p90": 276.11300779610053,
      "avg_duration_bars": 1.0
    }
  },
  "n_events": 1161
}