{
  "market": "perp",
  "quality": {
    "dimension_count": 6,
    "dimensions": {
      "funding": {
        "confidence": {
          "count": 16705,
          "max": 1.0,
          "mean": 0.809553620688694,
          "median": 0.8221701229817098,
          "min": 0.3826206595372789,
          "p10": 0.6305533309975995,
          "p90": 0.9598431043240524
        },
        "entropy": {
          "count": 16705,
          "max": 0.9830731445252775,
          "mean": 0.43323293092661974,
          "median": 0.4551208098558399,
          "min": -0.0,
          "p10": 0.17305053430010728,
          "p90": 0.6461319033411396
        },
        "occupancy": {
          "0": 0.3403172702783598,
          "1": 0.5959293624663274,
          "2": 0.06375336725531278
        },
        "state_column": "ms_funding_state",
        "transition_count": 170,
        "transition_rate": 0.010177203065134099,
        "valid_rows": 16705
      },
      "liq": {
        "confidence": {
          "count": 16705,
          "max": 0.9993936262021734,
          "mean": 0.8903241889769674,
          "median": 0.9577390168394349,
          "min": 0.5085601435541237,
          "p10": 0.6558505826131173,
          "p90": 0.9981539639015574
        },
        "entropy": {
          "count": 16705,
          "max": 0.6310385872490613,
          "mean": 0.23738373941302018,
          "median": 0.15935159506827945,
          "min": 0.004640596011593912,
          "p10": 0.012256011181842854,
          "p90": 0.5865262093169546
        },
        "occupancy": {
          "0": 0.30200538760850043,
          "1": 0.39473211613289433,
          "2": 0.3032624962586052
        },
        "state_column": "ms_liq_state",
        "transition_count": 10282,
        "transition_rate": 0.6155411877394636,
        "valid_rows": 16705
      },
      "oi": {
        "confidence": {
          "count": 16705,
          "max": 0.9995382371492458,
          "mean": 0.7675917045776806,
          "median": 0.8018033666031862,
          "min": 0.4985847353649886,
          "p10": 0.5716274448206466,
          "p90": 0.8818949111686366
        },
        "entropy": {
          "count": 16705,
          "max": 0.6485833314424972,
          "mean": 0.49339700653475976,
          "median": 0.5056952558209474,
          "min": 0.003648443175872925,
          "p10": 0.3312358993854839,
          "p90": 0.6405794025178946
        },
        "occupancy": {
          "0": 0.1611493564800958,
          "1": 0.681951511523496,
          "2": 0.15689913199640826
        },
        "state_column": "ms_oi_state",
        "transition_count": 2381,
        "transition_rate": 0.14254070881226052,
        "valid_rows": 16705
      },
      "spread": {
        "confidence": {
          "count": 16703,
          "max": 1.0,
          "mean": 0.866248361559343,
          "median": 0.9206473609420777,
          "min": 0.5000145028289344,
          "p10": 0.6340577426806154,
          "p90": 0.9955630006337937
        },
        "entropy": {
          "count": 16703,
          "max": 0.99999999939311,
          "mean": 0.45028712019542294,
          "median": 0.3998940563268701,
          "min": -0.0,
          "p10": 0.041067488547639204,
          "p90": 0.9475054192063147
        },
        "occupancy": {
          "0": 0.669041489552775,
          "1": 0.3309585104472251
        },
        "state_column": "ms_spread_state",
        "transition_count": 6155,
        "transition_rate": 0.36851874027062625,
        "valid_rows": 16703
      },
      "trend": {
        "confidence": {
          "count": 16704,
          "max": 1.0,
          "mean": 0.6396644101292073,
          "median": 0.6099254014736852,
          "min": 0.4498406200202038,
          "p10": 0.486419769350454,
          "p90": 0.8909924060277257
        },
        "entropy": {
          "count": 16704,
          "max": 0.8725743644597495,
          "mean": 0.7237935020925387,
          "median": 0.8192402339188587,
          "min": -0.0,
          "p10": 0.36065466448900624,
          "p90": 0.8704900612621618
        },
        "occupancy": {
          "0": 0.546036877394636,
          "1": 0.20420258620689655,
          "2": 0.24976053639846743
        },
        "state_column": "ms_trend_state",
        "transition_count": 588,
        "transition_rate": 0.03520325689995809,
        "valid_rows": 16704
      },
      "vol": {
        "confidence": {
          "count": 16688,
          "max": 0.9999991115103328,
          "mean": 0.8755434721635108,
          "median": 0.9289066956153673,
          "min": 0.49903511249040433,
          "p10": 0.6345629130097762,
          "p90": 0.9999669887314329
        },
        "entropy": {
          "count": 16688,
          "max": 0.5124066366529753,
          "mean": 0.20706966991388465,
          "median": 0.20254269347943926,
          "min": 9.571182112562572e-06,
          "p10": 0.0002695263308100372,
          "p90": 0.4769469888840192
        },
        "occupancy": {
          "0": 0.3281399808245446,
          "1": 0.324604506232023,
          "2": 0.20200143815915628,
          "3": 0.14525407478427613
        },
        "state_column": "ms_vol_state",
        "transition_count": 1173,
        "transition_rate": 0.07029424102594835,
        "valid_rows": 16688
      }
    }
  },
  "run_id": "golden_synthetic_discovery",
  "schema_version": "context_quality_report_v1",
  "symbol": "ETHUSDT",
  "timeframe": "5m"
}
