{
  "n_symbols": 2,
  "symbols": [
    "BTCUSDT",
    "ETHUSDT"
  ],
  "by_symbol": {
    "BTCUSDT": {
      "n_events": 268,
      "pre_event_drift_bps": 42.31061243083751,
      "event_bar_move_bps": 12.818862531562706,
      "post_event_return_bps": 36.93464306261437,
      "intensity_mean": 11.274187404424922,
      "intensity_p90": 49.33461238843684,
      "avg_duration_bars": 1.0
    },
    "ETHUSDT": {
      "n_events": 220,
      "pre_event_drift_bps": 33.82747313659938,
      "event_bar_move_bps": 11.172039673675883,
      "post_event_return_bps": 33.55536868356345,
      "intensity_mean": 7.3276789256800345,
      "intensity_p90": 25.067020398133163,
      "avg_duration_bars": 1.0
    }
  },
  "n_events": 488
}