{
  "n_symbols": 2,
  "symbols": [
    "BTCUSDT",
    "ETHUSDT"
  ],
  "by_symbol": {
    "BTCUSDT": {
      "n_events": 41,
      "pre_event_drift_bps": -23.33479660666272,
      "event_bar_move_bps": -7.619508088609733,
      "post_event_return_bps": -25.28779662427946,
      "intensity_mean": 1.1328040660332594,
      "intensity_p90": 1.2626508002369274,
      "avg_duration_bars": 1.0
    },
    "ETHUSDT": {
      "n_events": 31,
      "pre_event_drift_bps": -24.959027715645288,
      "event_bar_move_bps": -6.879407815007457,
      "post_event_return_bps": -18.54035095158475,
      "intensity_mean": 1.1389969785327763,
      "intensity_p90": 1.2682348459929165,
      "avg_duration_bars": 1.0
    }
  },
  "n_events": 72
}