{
  "n_symbols": 2,
  "symbols": [
    "BTCUSDT",
    "ETHUSDT"
  ],
  "by_symbol": {
    "BTCUSDT": {
      "n_events": 3,
      "pre_event_drift_bps": -26.792499229336688,
      "event_bar_move_bps": -10.279379607470348,
      "post_event_return_bps": -26.439714247206155,
      "intensity_mean": 0.007879371203779328,
      "intensity_p90": 0.008633507879018768,
      "avg_duration_bars": 1.0
    },
    "ETHUSDT": {
      "n_events": 6,
      "pre_event_drift_bps": 79.97243351409388,
      "event_bar_move_bps": 24.022902102939227,
      "post_event_return_bps": 67.77430259745216,
      "intensity_mean": 0.0076267223832758675,
      "intensity_p90": 0.009559829395267682,
      "avg_duration_bars": 1.0
    }
  },
  "n_events": 9
}