{
  "n_symbols": 2,
  "symbols": [
    "BTCUSDT",
    "ETHUSDT"
  ],
  "by_symbol": {
    "BTCUSDT": {
      "n_events": 6,
      "pre_event_drift_bps": -80.38213119505662,
      "event_bar_move_bps": -30.514629388767588,
      "post_event_return_bps": -78.20645481424303,
      "intensity_mean": 23476.661978713713,
      "intensity_p90": 27911.441942742484,
      "avg_duration_bars": 1.0
    },
    "ETHUSDT": {
      "n_events": 7,
      "pre_event_drift_bps": -27.576950971160176,
      "event_bar_move_bps": -8.42065569670417,
      "post_event_return_bps": -15.097259505885612,
      "intensity_mean": 13679.466258710541,
      "intensity_p90": 20564.338040901144,
      "avg_duration_bars": 1.0
    }
  },
  "n_events": 13
}