{
  "n_symbols": 2,
  "symbols": [
    "BTCUSDT",
    "ETHUSDT"
  ],
  "by_symbol": {
    "BTCUSDT": {
      "n_events": 5,
      "pre_event_drift_bps": 72.29568942677012,
      "event_bar_move_bps": 23.89406660116311,
      "post_event_return_bps": 51.774408516103584,
      "intensity_mean": 4.217588161240386,
      "intensity_p90": 5.398408746437368,
      "avg_duration_bars": 1.0
    },
    "ETHUSDT": {
      "n_events": 6,
      "pre_event_drift_bps": 55.03029459854369,
      "event_bar_move_bps": 8.868171629577427,
      "post_event_return_bps": 19.56441394049602,
      "intensity_mean": 3.2727672148225113,
      "intensity_p90": 4.520840909719281,
      "avg_duration_bars": 1.0
    }
  },
  "n_events": 11
}