{
  "n_symbols": 2,
  "symbols": [
    "BTCUSDT",
    "ETHUSDT"
  ],
  "by_symbol": {
    "BTCUSDT": {
      "n_events": 10,
      "pre_event_drift_bps": 18.919299433550087,
      "event_bar_move_bps": 8.157951430080358,
      "post_event_return_bps": 20.155894477448147,
      "intensity_mean": 0.11250976754299222,
      "intensity_p90": 0.19643641822682534,
      "avg_duration_bars": 1.0
    },
    "ETHUSDT": {
      "n_events": 10,
      "pre_event_drift_bps": 9.101504937736536,
      "event_bar_move_bps": 4.066894433613744,
      "post_event_return_bps": 9.162641184501936,
      "intensity_mean": 0.08418535664983386,
      "intensity_p90": 0.16454092061067283,
      "avg_duration_bars": 1.0
    }
  },
  "n_events": 20
}