{
  "n_symbols": 2,
  "symbols": [
    "BTCUSDT",
    "ETHUSDT"
  ],
  "by_symbol": {
    "BTCUSDT": {
      "n_events": 8,
      "pre_event_drift_bps": 3.622505774871497,
      "event_bar_move_bps": 3.9165631949038273,
      "post_event_return_bps": 12.991388618591586,
      "intensity_mean": 0.06463454495047427,
      "intensity_p90": 0.13355170238998834,
      "avg_duration_bars": 1.0
    },
    "ETHUSDT": {
      "n_events": 5,
      "pre_event_drift_bps": 4.4950190226951126,
      "event_bar_move_bps": -5.670251021871353,
      "post_event_return_bps": -4.681174172498802,
      "intensity_mean": 0.0626126249360715,
      "intensity_p90": 0.13297617072058343,
      "avg_duration_bars": 1.0
    }
  },
  "n_events": 13
}