{
  "n_symbols": 2,
  "symbols": [
    "BTCUSDT",
    "ETHUSDT"
  ],
  "by_symbol": {
    "BTCUSDT": {
      "n_events": 145,
      "pre_event_drift_bps": 9.677376063943216,
      "event_bar_move_bps": 2.7427388810861917,
      "post_event_return_bps": 6.452610090900192,
      "intensity_mean": 149.2306482181143,
      "intensity_p90": 191.0228876317885,
      "avg_duration_bars": 1.0
    },
    "ETHUSDT": {
      "n_events": 144,
      "pre_event_drift_bps": 7.526175729426342,
      "event_bar_move_bps": 1.8445459365183738,
      "post_event_return_bps": 4.050253261974582,
      "intensity_mean": 109.13825204609975,
      "intensity_p90": 138.49067914563213,
      "avg_duration_bars": 1.0
    }
  },
  "n_events": 289
}