{
  "n_symbols": 2,
  "symbols": [
    "BTCUSDT",
    "ETHUSDT"
  ],
  "by_symbol": {
    "BTCUSDT": {
      "n_events": 41,
      "pre_event_drift_bps": 15.983639932435153,
      "event_bar_move_bps": 2.0411758263896242,
      "post_event_return_bps": -2.508581233170654,
      "intensity_mean": 33.30385686396576,
      "intensity_p90": 45.33848550053828,
      "avg_duration_bars": 1.0
    },
    "ETHUSDT": {
      "n_events": 46,
      "pre_event_drift_bps": 13.902981853370425,
      "event_bar_move_bps": 2.877373556122188,
      "post_event_return_bps": 7.5404000247116265,
      "intensity_mean": 33.62352764363558,
      "intensity_p90": 44.87801832025603,
      "avg_duration_bars": 1.0
    }
  },
  "n_events": 87
}