{
  "n_symbols": 2,
  "symbols": [
    "BTCUSDT",
    "ETHUSDT"
  ],
  "by_symbol": {
    "BTCUSDT": {
      "n_events": 228,
      "pre_event_drift_bps": -0.46288876024329184,
      "event_bar_move_bps": 0.057765678756039815,
      "post_event_return_bps": -0.04078058246321952,
      "intensity_mean": 1.5372858202054849,
      "intensity_p90": 1.6420673971744635,
      "avg_duration_bars": 14.114035087719298
    },
    "ETHUSDT": {
      "n_events": 228,
      "pre_event_drift_bps": -0.45971500005235016,
      "event_bar_move_bps": 0.4524217304444908,
      "post_event_return_bps": -0.6461495245213851,
      "intensity_mean": 1.51737913513663,
      "intensity_p90": 1.6074308231625083,
      "avg_duration_bars": 13.807017543859649
    }
  },
  "n_events": 456
}