{
  "n_symbols": 2,
  "symbols": [
    "BTCUSDT",
    "ETHUSDT"
  ],
  "by_symbol": {
    "BTCUSDT": {
      "n_events": 74,
      "pre_event_drift_bps": 1.6261284232223943,
      "event_bar_move_bps": 1.6061582154879053,
      "post_event_return_bps": 5.038092312045457,
      "intensity_mean": 4.083898237610091,
      "intensity_p90": 6.620256178059307,
      "avg_duration_bars": 1.0
    },
    "ETHUSDT": {
      "n_events": 82,
      "pre_event_drift_bps": -2.8849706748109525,
      "event_bar_move_bps": -0.8431880030309943,
      "post_event_return_bps": -1.7028857432127298,
      "intensity_mean": 3.9759157046334894,
      "intensity_p90": 6.248927220967066,
      "avg_duration_bars": 1.0
    }
  },
  "n_events": 156
}