{
  "n_symbols": 2,
  "symbols": [
    "BTCUSDT",
    "ETHUSDT"
  ],
  "by_symbol": {
    "BTCUSDT": {
      "n_events": 634,
      "pre_event_drift_bps": -26.532480345966906,
      "event_bar_move_bps": -8.135274133122575,
      "post_event_return_bps": -23.329810766804698,
      "intensity_mean": 3.757504315373838,
      "intensity_p90": 4.676376248357665,
      "avg_duration_bars": 1.0
    },
    "ETHUSDT": {
      "n_events": 659,
      "pre_event_drift_bps": -25.385606152084694,
      "event_bar_move_bps": -7.453575890180826,
      "post_event_return_bps": -20.932849004408617,
      "intensity_mean": 3.796401449602244,
      "intensity_p90": 4.553282024830323,
      "avg_duration_bars": 1.0
    }
  },
  "n_events": 1293
}