{
  "n_symbols": 2,
  "symbols": [
    "BTCUSDT",
    "ETHUSDT"
  ],
  "by_symbol": {
    "BTCUSDT": {
      "n_events": 185,
      "pre_event_drift_bps": 15.177967608345586,
      "event_bar_move_bps": 5.696564933419139,
      "post_event_return_bps": 17.664908185053388,
      "intensity_mean": 43.17623579154191,
      "intensity_p90": 59.095889602057476,
      "avg_duration_bars": 1.0
    },
    "ETHUSDT": {
      "n_events": 142,
      "pre_event_drift_bps": 37.54762763835913,
      "event_bar_move_bps": 13.256893541345423,
      "post_event_return_bps": 38.88267309293071,
      "intensity_mean": 38.60933409321413,
      "intensity_p90": 49.26004483369972,
      "avg_duration_bars": 1.0
    }
  },
  "n_events": 327
}