{
  "n_symbols": 2,
  "symbols": [
    "BTCUSDT",
    "ETHUSDT"
  ],
  "by_symbol": {
    "BTCUSDT": {
      "n_events": 554,
      "pre_event_drift_bps": -12.084740144457179,
      "event_bar_move_bps": -5.254282463028056,
      "post_event_return_bps": -16.582036179457003,
      "intensity_mean": 8.506946820432216,
      "intensity_p90": 12.535210095764931,
      "avg_duration_bars": 1.0
    },
    "ETHUSDT": {
      "n_events": 528,
      "pre_event_drift_bps": -0.5004444530695467,
      "event_bar_move_bps": -0.80288050193084,
      "post_event_return_bps": -2.528178119849661,
      "intensity_mean": 8.52750188986312,
      "intensity_p90": 12.070754513297599,
      "avg_duration_bars": 1.0
    }
  },
  "n_events": 1082
}