{
  "n_symbols": 2,
  "symbols": [
    "BTCUSDT",
    "ETHUSDT"
  ],
  "by_symbol": {
    "BTCUSDT": {
      "n_events": 803,
      "pre_event_drift_bps": -4.777806279637645,
      "event_bar_move_bps": -2.8844311922774186,
      "post_event_return_bps": -9.455437255774047,
      "intensity_mean": 3.6586034014730666,
      "intensity_p90": 5.615349935915914,
      "avg_duration_bars": 1.0
    },
    "ETHUSDT": {
      "n_events": 769,
      "pre_event_drift_bps": -1.7875706144270804,
      "event_bar_move_bps": -0.6987676188140042,
      "post_event_return_bps": -2.76902823161439,
      "intensity_mean": 3.603319669786908,
      "intensity_p90": 5.449838440347062,
      "avg_duration_bars": 1.0
    }
  },
  "n_events": 1572
}