{
  "n_symbols": 2,
  "symbols": [
    "BTCUSDT",
    "ETHUSDT"
  ],
  "by_symbol": {
    "BTCUSDT": {
      "n_events": 174,
      "pre_event_drift_bps": -3.0987077082572005,
      "event_bar_move_bps": -0.5167507519681753,
      "post_event_return_bps": -1.976854668689258,
      "intensity_mean": 56.0,
      "intensity_p90": 56.0,
      "avg_duration_bars": 1.0
    },
    "ETHUSDT": {
      "n_events": 174,
      "pre_event_drift_bps": -2.469499139236368,
      "event_bar_move_bps": 0.2625310511584039,
      "post_event_return_bps": 1.393491467196071,
      "intensity_mean": 56.0,
      "intensity_p90": 56.0,
      "avg_duration_bars": 1.0
    }
  },
  "n_events": 348
}