{
  "n_symbols": 2,
  "symbols": [
    "BTCUSDT",
    "ETHUSDT"
  ],
  "by_symbol": {
    "BTCUSDT": {
      "n_events": 175,
      "pre_event_drift_bps": -2.7514155730811902,
      "event_bar_move_bps": -0.4705510755166061,
      "post_event_return_bps": -1.002708957709274,
      "intensity_mean": 60.0,
      "intensity_p90": 60.0,
      "avg_duration_bars": 1.0
    },
    "ETHUSDT": {
      "n_events": 175,
      "pre_event_drift_bps": 1.1380454699783744,
      "event_bar_move_bps": 0.9504669784788513,
      "post_event_return_bps": 0.10362334191974944,
      "intensity_mean": 60.0,
      "intensity_p90": 60.0,
      "avg_duration_bars": 1.0
    }
  },
  "n_events": 350
}