{
  "n_symbols": 2,
  "symbols": [
    "BTCUSDT",
    "ETHUSDT"
  ],
  "by_symbol": {
    "BTCUSDT": {
      "n_events": 9,
      "pre_event_drift_bps": 5.181450140500088,
      "event_bar_move_bps": -1.726130540194622,
      "post_event_return_bps": -4.633864771654345,
      "intensity_mean": 4.6924725586093,
      "intensity_p90": 5.385700173425701,
      "avg_duration_bars": 1.0
    },
    "ETHUSDT": {
      "n_events": 11,
      "pre_event_drift_bps": -3.740601603840942,
      "event_bar_move_bps": 2.559451861851833,
      "post_event_return_bps": -2.676879870170704,
      "intensity_mean": 4.364694593795664,
      "intensity_p90": 5.053605539146203,
      "avg_duration_bars": 1.0
    }
  },
  "n_events": 20
}