{
  "n_symbols": 2,
  "symbols": [
    "BTCUSDT",
    "ETHUSDT"
  ],
  "by_symbol": {
    "BTCUSDT": {
      "n_events": 375,
      "pre_event_drift_bps": 2.828246264683232,
      "event_bar_move_bps": 0.8910035697558674,
      "post_event_return_bps": 2.969497062780745,
      "intensity_mean": 973.626201623656,
      "intensity_p90": 4129.141749247162,
      "avg_duration_bars": 1.0
    },
    "ETHUSDT": {
      "n_events": 376,
      "pre_event_drift_bps": 3.289402253635314,
      "event_bar_move_bps": 1.3157710431239151,
      "post_event_return_bps": 3.81338430239847,
      "intensity_mean": 992.3544408058035,
      "intensity_p90": 3764.2297081468905,
      "avg_duration_bars": 1.0
    }
  },
  "n_events": 751
}