{
  "n_symbols": 2,
  "symbols": [
    "BTCUSDT",
    "ETHUSDT"
  ],
  "by_symbol": {
    "BTCUSDT": {
      "n_events": 13,
      "pre_event_drift_bps": 20.782850403057928,
      "event_bar_move_bps": 10.341306423305399,
      "post_event_return_bps": 27.123822395052574,
      "intensity_mean": 209.6841412356361,
      "intensity_p90": 720.1430997778225,
      "avg_duration_bars": 1.0
    },
    "ETHUSDT": {
      "n_events": 18,
      "pre_event_drift_bps": 10.648184143625238,
      "event_bar_move_bps": 9.20931452269168,
      "post_event_return_bps": 17.32671349066375,
      "intensity_mean": 183.3087572490807,
      "intensity_p90": 480.1080780359464,
      "avg_duration_bars": 1.0
    }
  },
  "n_events": 31
}