{
  "n_symbols": 2,
  "symbols": [
    "BTCUSDT",
    "ETHUSDT"
  ],
  "by_symbol": {
    "BTCUSDT": {
      "n_events": 5,
      "pre_event_drift_bps": -11.540603392641959,
      "event_bar_move_bps": 0.5200503154665359,
      "post_event_return_bps": -2.7705872212731015,
      "intensity_mean": 2.7117047878326788,
      "intensity_p90": 2.9587456113752495,
      "avg_duration_bars": 1.0
    },
    "ETHUSDT": {
      "n_events": 12,
      "pre_event_drift_bps": -7.615688884882085,
      "event_bar_move_bps": 0.49318390074779944,
      "post_event_return_bps": 2.31415974452559,
      "intensity_mean": 2.7386409354383745,
      "intensity_p90": 2.942258128442165,
      "avg_duration_bars": 1.0
    }
  },
  "n_events": 17
}