{
  "n_symbols": 2,
  "symbols": [
    "BTCUSDT",
    "ETHUSDT"
  ],
  "by_symbol": {
    "BTCUSDT": {
      "n_events": 9,
      "pre_event_drift_bps": 45.42341897419903,
      "event_bar_move_bps": 5.378149324588823,
      "post_event_return_bps": 10.969328667980665,
      "intensity_mean": 21.645514242010037,
      "intensity_p90": 47.08356759628934,
      "avg_duration_bars": 1.0
    },
    "ETHUSDT": {
      "n_events": 7,
      "pre_event_drift_bps": 41.6383336794587,
      "event_bar_move_bps": 8.576455078312632,
      "post_event_return_bps": 12.864028126869929,
      "intensity_mean": 27.135246794473314,
      "intensity_p90": 47.448217944182296,
      "avg_duration_bars": 1.0
    }
  },
  "n_events": 16
}