{
  "n_symbols": 2,
  "symbols": [
    "BTCUSDT",
    "ETHUSDT"
  ],
  "by_symbol": {
    "BTCUSDT": {
      "n_events": 316,
      "pre_event_drift_bps": -0.9970170101225266,
      "event_bar_move_bps": -0.7005724668575721,
      "post_event_return_bps": -1.8010220417261147,
      "intensity_mean": 2.90006736256422,
      "intensity_p90": 4.319436262460206,
      "avg_duration_bars": 1.0
    },
    "ETHUSDT": {
      "n_events": 295,
      "pre_event_drift_bps": 1.3553582150611612,
      "event_bar_move_bps": 1.2846151969154465,
      "post_event_return_bps": 2.548771768846046,
      "intensity_mean": 2.7622652015324842,
      "intensity_p90": 3.7517898139887915,
      "avg_duration_bars": 1.0
    }
  },
  "n_events": 611
}