{
  "n_symbols": 2,
  "symbols": [
    "BTCUSDT",
    "ETHUSDT"
  ],
  "by_symbol": {
    "BTCUSDT": {
      "n_events": 186,
      "pre_event_drift_bps": -0.38652415477131014,
      "event_bar_move_bps": -0.5242450798942545,
      "post_event_return_bps": 0.1400643762340002,
      "intensity_mean": 4.193466841108676,
      "intensity_p90": 4.800716884156614,
      "avg_duration_bars": 1.0
    },
    "ETHUSDT": {
      "n_events": 170,
      "pre_event_drift_bps": -1.092545014603874,
      "event_bar_move_bps": -0.07843272485798833,
      "post_event_return_bps": -1.3216615050480427,
      "intensity_mean": 4.251651936308751,
      "intensity_p90": 5.129313607746978,
      "avg_duration_bars": 1.0
    }
  },
  "n_events": 356
}