{
  "n_symbols": 2,
  "symbols": [
    "BTCUSDT",
    "ETHUSDT"
  ],
  "by_symbol": {
    "BTCUSDT": {
      "n_events": 27,
      "pre_event_drift_bps": 0.09401848059885101,
      "event_bar_move_bps": 2.4897987919851543,
      "post_event_return_bps": 12.871729357117559,
      "intensity_mean": 5.386703459131202,
      "intensity_p90": 8.265716490534892,
      "avg_duration_bars": 1.0
    },
    "ETHUSDT": {
      "n_events": 31,
      "pre_event_drift_bps": -1.1769277865210237,
      "event_bar_move_bps": 1.146274008376603,
      "post_event_return_bps": -0.4233104014144685,
      "intensity_mean": 4.662298723942017,
      "intensity_p90": 6.35698633425274,
      "avg_duration_bars": 1.0
    }
  },
  "n_events": 58
}