{
  "n_symbols": 2,
  "symbols": [
    "BTCUSDT",
    "ETHUSDT"
  ],
  "by_symbol": {
    "BTCUSDT": {
      "n_events": 41,
      "pre_event_drift_bps": -15.720251661961203,
      "event_bar_move_bps": -8.543197228051683,
      "post_event_return_bps": -19.529486731012298,
      "intensity_mean": 2.2103614199035024,
      "intensity_p90": 3.5173070045910513,
      "avg_duration_bars": 1.0
    },
    "ETHUSDT": {
      "n_events": 41,
      "pre_event_drift_bps": 17.05670912939202,
      "event_bar_move_bps": 8.902355642052726,
      "post_event_return_bps": 23.881971272254376,
      "intensity_mean": 2.23749228684624,
      "intensity_p90": 3.143001116352046,
      "avg_duration_bars": 1.0
    }
  },
  "n_events": 82
}