{
  "n_symbols": 2,
  "symbols": [
    "BTCUSDT",
    "ETHUSDT"
  ],
  "by_symbol": {
    "BTCUSDT": {
      "n_events": 285,
      "pre_event_drift_bps": 2.454179769378185,
      "event_bar_move_bps": 0.6276429403922584,
      "post_event_return_bps": 2.4365767353393606,
      "intensity_mean": 47.91341948379477,
      "intensity_p90": 28.777101362928132,
      "avg_duration_bars": 1.0
    },
    "ETHUSDT": {
      "n_events": 275,
      "pre_event_drift_bps": -1.033297345344049,
      "event_bar_move_bps": 0.7373174753032421,
      "post_event_return_bps": 1.1037664777190797,
      "intensity_mean": 42.263697486508704,
      "intensity_p90": 25.23537389396599,
      "avg_duration_bars": 1.0
    }
  },
  "n_events": 560
}