{
  "n_symbols": 2,
  "symbols": [
    "BTCUSDT",
    "ETHUSDT"
  ],
  "by_symbol": {
    "BTCUSDT": {
      "n_events": 489,
      "pre_event_drift_bps": 0.4097954237379567,
      "event_bar_move_bps": 0.008624366436653527,
      "post_event_return_bps": -0.07735380612771443,
      "intensity_mean": 0.0007514777651840649,
      "intensity_p90": 0.000809154902397979,
      "avg_duration_bars": 1.0
    },
    "ETHUSDT": {
      "n_events": 536,
      "pre_event_drift_bps": -2.4584582147751712,
      "event_bar_move_bps": -0.4427279378364687,
      "post_event_return_bps": -1.012446110274458,
      "intensity_mean": 0.0007548832149297916,
      "intensity_p90": 0.0007931128753183242,
      "avg_duration_bars": 1.0
    }
  },
  "n_events": 1025
}