{
  "n_symbols": 2,
  "symbols": [
    "BTCUSDT",
    "ETHUSDT"
  ],
  "by_symbol": {
    "BTCUSDT": {
      "n_events": 15,
      "pre_event_drift_bps": 14.619760628602187,
      "event_bar_move_bps": 3.6365538311649015,
      "post_event_return_bps": 6.255291253345563,
      "intensity_mean": 0.0010292260175423416,
      "intensity_p90": 0.0013051219756626668,
      "avg_duration_bars": 1.0
    },
    "ETHUSDT": {
      "n_events": 19,
      "pre_event_drift_bps": -11.543388721713532,
      "event_bar_move_bps": -3.709649983598801,
      "post_event_return_bps": -8.476734213014137,
      "intensity_mean": 0.0011110190571983784,
      "intensity_p90": 0.0014267994940921674,
      "avg_duration_bars": 1.0
    }
  },
  "n_events": 34
}