{
  "n_symbols": 1,
  "symbols": [
    "BTCUSDT"
  ],
  "by_symbol": {
    "BTCUSDT": {
      "n_events": 2,
      "pre_event_drift_bps": 83.95020220856031,
      "event_bar_move_bps": 17.98665902377428,
      "post_event_return_bps": 25.867727057157232,
      "intensity_mean": 0.9706947481298531,
      "intensity_p90": 1.0067905389259562,
      "avg_duration_bars": 1.0
    }
  },
  "n_events": 2
}