{
  "n_symbols": 2,
  "symbols": [
    "BTCUSDT",
    "ETHUSDT"
  ],
  "by_symbol": {
    "BTCUSDT": {
      "n_events": 438,
      "pre_event_drift_bps": 2.1480639936221717,
      "event_bar_move_bps": -0.11338675481498196,
      "post_event_return_bps": -1.4198239168839382,
      "intensity_mean": 3.6044967509644654,
      "intensity_p90": 4.708613543509729,
      "avg_duration_bars": 1.0
    },
    "ETHUSDT": {
      "n_events": 436,
      "pre_event_drift_bps": 6.3533201441180935,
      "event_bar_move_bps": 2.006464494113367,
      "post_event_return_bps": 6.427774128981318,
      "intensity_mean": 3.6639401825863227,
      "intensity_p90": 4.771965867317533,
      "avg_duration_bars": 1.0
    }
  },
  "n_events": 874
}