{
  "n_symbols": 2,
  "symbols": [
    "BTCUSDT",
    "ETHUSDT"
  ],
  "by_symbol": {
    "BTCUSDT": {
      "n_events": 415,
      "pre_event_drift_bps": -0.4801858133362982,
      "event_bar_move_bps": 0.1071432540815894,
      "post_event_return_bps": 0.03916997042322114,
      "intensity_mean": 1.1470344773539904,
      "intensity_p90": 2.7898387829282107,
      "avg_duration_bars": 1.0
    },
    "ETHUSDT": {
      "n_events": 423,
      "pre_event_drift_bps": -4.959084934838408,
      "event_bar_move_bps": -2.0547804351524444,
      "post_event_return_bps": -5.448449414643333,
      "intensity_mean": 1.1388002755877134,
      "intensity_p90": 2.9082741962622185,
      "avg_duration_bars": 1.0
    }
  },
  "n_events": 838
}