{
  "n_symbols": 2,
  "symbols": [
    "BTCUSDT",
    "ETHUSDT"
  ],
  "by_symbol": {
    "BTCUSDT": {
      "n_events": 55,
      "pre_event_drift_bps": -2.4587075790751207,
      "event_bar_move_bps": -1.5473411699128718,
      "post_event_return_bps": -4.312422149503246,
      "intensity_mean": 0.9895833333333335,
      "intensity_p90": 0.9895833333333333,
      "avg_duration_bars": 1.0
    },
    "ETHUSDT": {
      "n_events": 56,
      "pre_event_drift_bps": -2.5014142671378474,
      "event_bar_move_bps": 0.6724778478043749,
      "post_event_return_bps": -0.9898969069506635,
      "intensity_mean": 0.9895833333333331,
      "intensity_p90": 0.9895833333333333,
      "avg_duration_bars": 1.0
    }
  },
  "n_events": 111
}