{
  "n_symbols": 2,
  "symbols": [
    "BTCUSDT",
    "ETHUSDT"
  ],
  "by_symbol": {
    "BTCUSDT": {
      "n_events": 696,
      "pre_event_drift_bps": -0.3783692920080592,
      "event_bar_move_bps": -0.43495297500360913,
      "post_event_return_bps": -1.5627304218623983,
      "intensity_mean": 0.040625,
      "intensity_p90": 0.07708333333333343,
      "avg_duration_bars": 1.0
    },
    "ETHUSDT": {
      "n_events": 648,
      "pre_event_drift_bps": -2.3372239577839826,
      "event_bar_move_bps": -0.6994243423819512,
      "post_event_return_bps": -1.529937939838488,
      "intensity_mean": 0.040624999999999994,
      "intensity_p90": 0.07708333333333343,
      "avg_duration_bars": 1.0
    }
  },
  "n_events": 1344
}